owner_department,display_name,bureau
"311 City Services","311 City Services","Customer Service"
"Animal Care and Control","Animal Care and Control","Public Health"
"Aviation","Aviation","Aviation"
"BACP - Business Affairs and Consumer Protection","Business Affairs and Consumer Protection","Finance"
"CDOT - Department of Transportation","Transportation","Infrastructure"
"City Clerk's Office","City Clerk","Administration"
"DOB - Buildings","Buildings","Development"
"DWM - Department of Water Management","Water Management","Infrastructure"
"Department of Housing","Housing","Development"
"Finance","Finance","Finance"
"Fire","Fire","Public Safety"
"Health","Health","Public Health"
"Outside Agencies","Outside Agencies","Administration"
"Streets and Sanitation","Streets and Sanitation","Infrastructure"
